danbooru_form,gelbooru_form,dan_posts,gel_posts
navel,bellybutton,1335588,870784
hair_between_eyes,bangs_between_eyes,1404776,667922
hair_ribbon,ribbon_hair_ornament,684784,570578
closed_eyes,eyes_closed,844241,534716
on_back,lying_on_back,294660,258612
torn_clothes,ripped_clothes,172574,200420
rabbit_ears,bunny_ears,268135,168111
anus,butt_hole,135807,154613
wide_hips,big_hips,46054,120343
double_bun,double_hair_bun,148030,91588
after_sex,aftersex,43165,68315
mature_female,milf,40461,68300
holding_hands,hand_holding,119782,61780
on_stomach,lying_on_stomach,75672,59904
cleavage_cutout,boob_window,99792,55270
crossed_arms,arms_crossed,99495,54216
crossed_legs,legs_crossed,89068,49931
rabbit_tail,bunny_tail,73083,47308
uneven_legwear,asymmetrical_legwear,16825,44596
bow_panties,ribbon_panties,48998,43102
innertube,swim_ring,34268,42590
scar_on_face,facial_scar,81855,41896
tanlines,tanline,35733,41563
web_address,url,57056,33644
pussy_peek,partially_visible_vulva,7618,31552
fat,overweight,15624,25324
unworn_headwear,headwear_removed,42188,24469
saliva_trail,saliva_string,23410,23165
newsboy_cap,cabbie_hat,24049,21767
uneven_gloves,asymmetrical_gloves,4719,19570
eyebrows_hidden_by_hair,eyebrows_behind_hair,31022,19200
@_@,swirly_eyes,43035,17315
female_masturbation,masturbation_(female),30666,16836
pom_pom_(cheerleading),pom_poms,20578,16105
absurdly_long_hair,extremely_long_hair,25523,15697
anal_object_insertion,anal_object_push,16096,15346
unworn_shoes,shoes_removed,16099,14959
sleeve_cuffs,cuffed_sleeves,21304,14217
+_+,cross-shaped_pupils,33742,12806
donut,doughnut,13983,12352
uneven_sleeves,asymmetrical_sleeves,3839,11409
wedding_ring,wedding_band,18353,10898
ear_ribbon,ear_bow,6684,10838
furry_female,female_furry,47843,9331
fellatio,blowjob,78693,8594
sitting_on_face,facesitting,4316,7347
rabbit_hair_ornament,bunny_hair_ornament,17726,6846
tail_raised,tail_up,15385,5768
computer_keyboard,keyboard_(computer),7580,5562
facial,cum_on_face,51993,5440
penis_awe,cock_shock,6411,4317
see-through_legwear,sheer_legwear,3295,3805
unworn_socks,socks_removed,2605,3354
rabbit_print,bunny_print,4410,3087
partially_fingerless_gloves,partly_fingerless_gloves,33875,2977
male_masturbation,masturbation_(male),7413,2944
cum,semen,284221,2435
pot,cooking_pot,3603,2155
public_restroom,public_toilet,1188,2133
akanbe,eyelid_pull,2043,2112
rabbit_costume,bunny_costume,1203,2103
open_mouth,mouth_open,2803656,2082
girthy_penis,thick_penis,2770,2026
food-themed_earrings,food_themed_earrings,2392,1995
leg_up,one_leg_raised,93749,1496
head_out_of_frame,cropped_head,25027,1377
clueless,oblivious,1252,1348
suppressor,silencer,3010,1270
mole,beauty_mark,310056,1238
penis,dick,480839,924
ear_wiggle,ear_twitch,2276,858
unworn_bikini,bikini_removed,1287,788
see-through_body,translucent_skin,1627,731
biting_neck,neck_biting,920,620
large_ears,big_ears,1958,433
text_messaging,texting,1626,348
pilot_suit,flight_suit,1156,335
cross_pasties,x_pasties,2106,307
mixed-sex_bathing,mixed_bathing,8197,253
japanese_clothes,wafuku,446645,240
slingshot_swimsuit,sling_bikini,12841,182
squatting,crouching,102234,169
chest_of_drawers,dresser,2208,155
heel_up,heel_raised,2957,135
kneehighs,knee_socks,144686,121
spread_pussy,pussy_spread,34593,113
huge_breasts,huge_boobs,258826,110
ribs,ribcage,12909,107
holding_another's_wrist,grabbing_another's_wrist,15935,42
sleeping,asleep,84937,39
no_male_underwear,no_underwear_(male),518,35
medal,medals,4800,7
